label,content
positif,memenuhi semua kebutuhan
negatif,"banyak lagi dong coin nya jgn kecil"" Mulu"
negatif,"jujur sangat kecewa sebagai pengguna shopee, apalagi sama seluruh karyawan yang ada di DC bandung (nanjung), sering ada kehilangan tapi semua lalay gaada timbal balik atau itikad baik buat mengembalikan atau memperbenah cctv. seperti ada kesengajaan permainan karyawan yang bekerja di dalam. sumpah kecewa sama seluruh pegawai"
positif,like 10.000.000 kali
positif,"bagus, belanja mudah, cepat, dan semua ada"
negatif,"Saat awal buka aplikasi, knp lgsg diarahkan ke video ? Tidak semua org buka aplikasi, pingin nonton video, mana suaranya terlalu tinggi dan mengganggu"
positif,sangat mantapp
positif,keren mempermudah hal yang urgent
positif,Bagus banget Game Shope nya
netral,kasih 2bintang dulu TPI jika di ACC baru bintang 5
positif,"aku sangat senang dan suka memakai shopee, sudah pakai sejak awal2 muncul, namun.... sangat di sayangkan, spailater dan spinjamnya TIDAK BERTAMBAH2 JUGAğŸ˜…ğŸ˜…, mohon berikan limit yg baik karna saya sebagai pengguna sangat sadar dan tdk pernah mengalami denda. ğŸ™ğŸ™ sukses selalu keranjang orange."
positif,ok siapp
positif,suka banget kalo ongkir 0 rupiah .. semangat terus Sophee sukses selalu..â¤ï¸
positif,"selama saya menggunakan apk ini puas, dan saya sering pakai cara pembayaran COD karna gak ribet"
positif,ok
positif,ok
positif,puas bngt sich
positif,mantap baget hargaya
positif,sanggat membantu
positif,"UP GRADEnya keren sangat membantu ,ğŸ‘Œ"
positif,rekomendasi banget banyak diskonya
netral,yayayayab
positif,sangat berguna.
positif,shopee mantap deh
positif,trimakasi
positif,barang sudah d trima Alhamdulillah sesuai dg pesanan
positif,terimakasih akhirnya akun saya dapat digunakan kembali ğŸ™ğŸ»
positif,pesanan sesuwai
positif,Belanja menjadi sangat mudah melalui Shopee
positif,pengiriman cepat ulasan barang terlihat jelas jadi pembeli bisa memilih yang terbaik
positif,terimakasih sangat membantu sya belanja
positif,sanat bagus untuk yang suka belanja online
negatif,kenapa kalo iklan di game selalu di paksain masuk pley store itu sangat ga enak
negatif,iklan anj
positif,sangat bagus
positif,sangat membantu
positif,ok
positif,mantap aplikasi yang banyak diskon dan jadi mudah segalanya..
positif,mantap
positif,"sangat sangat membantu , dan bisa juga buat kita banding banding harga"
positif,ok
positif,mantap
negatif,iklan Mulu lu anjiing
positif,"Belanja secara online? di Shopee sj, memuaskan dan tdk mengecewakan, pengembalian dana juga baik jika ada barang yang tdk sesuai dgn apa yg kita lihat di iklannya.. Belanja??? di Shopee aja..."
positif,shopee mantap banyak gratis ongkir walaupun belanja sedikit..tingkatkan terus ya
negatif,"cih aku pesan barang lama banget ,pas aku beli barang gak sesuai expetasi ngebuat kastemer kecewa."
positif,Makin mantap
positif,mudahan rezekinya
positif,keren aplikasi shope mudah berbelanja tanpa harus keluar rumah sukses selalu
positif,oke
positif,Pokoke oke
netral,"bissmillah semoga bisa membantu sy dlm berbelanja on line, bisa bantu sy dlm menjalankan usaha yg sedang sy jalankan"
netral,lumayan
netral,"Aplikasi trbaik, tapi sulit dibuka, berhari-hari g Bisa dibuka,mau belanja jadi sulit, admin mohon perbaikannya, g seperti shoppepay offline aja bisa dibuka apalagi online, cuma Shopee yg sulit dibuka g seperti aplikasi lainnya"
negatif,"pesanan bukan cod barang belum sampai tp keterangan sudah sampai ditrima yg bersangkutan, ga ada konfirmasi ap2 lewat wa, giliran komplain katanya demi target, iya karna kalau keterlambatan ga sesuai estimasi costomer dapat vocer 10.000 tp kalau sesuai costomer ga dapat vocer makanya status diubah sampai biar shopee ga rugi ngasih vocer 10.000 ke pelanggan, bukan soal 10.000 ribu tp soal kejujuran.."
positif,mantap..pelayanan sangat ok..barang yg d pesen semua pick..sesuai..mantap
netral,"aplikasi nya bagus bagus aja cuman kalo buka link/atau mau download sesuatu tiba tiba aplikasinya kebuka sendiri. plis deh ga semua orang kudu beli barang di shopee buru buru. aku mau buka link susah, buka chrome susah tiba tiba muncul aplikasi ini sendirinya ke buka. benerin lagi deh pengiklanannya plis jangan tiba tiba buka pas orang lagi sibuk sibuknya. ngeselin"
positif,aplikasi yang bagus dan berguna untuk keperluan sehari hari
negatif,Shopee Tolol cuma ganti pembayaran promo nya ke copot padahal bisa pake promo nya pembayaran apa aja.
positif,bagus
netral,smoga aplikasinya brjln dngn baikadnyağŸ‘
netral,belum di download
negatif,kelamaan proses pengiriman saldo
netral,ulasan .
positif,mantap la pokoknya
negatif,TDK sesuai realita
positif,sangat bagus
netral,"akun saya di batasi dengan alasan transaksi tidak wajar, tolong di perbaiki!"
positif,terbaik ğŸ˜
negatif,"Kenapa pesan instan dihilangkan? Merepotkan saja, tidak fleksibel makin lama makin di Update bikin tambah lemot, isi token malah dihilangkan namanya bikin orang salah memasukan isi ulang token sangat tolol!!!"
positif,apk nya sangat baguus
positif,bagusssssğŸ‘
positif,mantap pro
positif,tempat belanja paling komplit se dunia
netral,"Terima kasih shopee, semoga all team di berikan kesehatan selalu,semakin sukses, sejahtera dan jaya."
positif,bagus
positif,saya suka shopee bagus
positif,mantap
positif,"belanja di shopee sangat memuaskan, apalagi sekarang voucher gratis ongkir 0 Rp buuuanyak bgt ... pertahankan agar semakin banyak pelanggan yang puas."
positif,mantap aplikasi nya
negatif,hilangkan saja fitur otp sms jika kau tidak mengirim kode otpnya ke sms anj
negatif,mantap banget kak keluar kondar nyağŸ‘ğŸ‘ğŸ‘katanya berizin dan diawasi ojk tapi penagihan nya barbar banget kek pinjol ilegal
positif,sangat recommended buat belanja d sini
positif,bagus
positif,mantap
positif,memuaskan terimakasih Shopee
negatif,pelit diskon ongkirnya
positif,bagus
negatif,harga barang mahal tidak ada kupon diskon
positif,Aku pengguna baru ku kasih bintang 4 dlu ya sejauh ini oke semua terjangkau dari harga ongkir dan kwalitas sesuai yg tertera tolong dipertahankan ya kakak terimakasih ğŸ™ (edit kak) makasih pelayanan bagus harga terjangkau untuk pengiriman mohon ditingkatkan lagi makasih
positif,apl yg sangat apik
netral,Alhamdulillah shopee amanah
positif,"untuk versi terbaru lumayan sedikit smooth meski agak berat juga pas pertama loading dan skrol menu. SARAN & MASUKAN; Di bagian penilaian dan ulasan di menu ( Dgn Foto/Video ) terasa berat banget pas mau lihat gambar atau video nya, terkadang kaya lag gak bisa di skrol, padahal versi sebelum nya tidak seperti ini mohon ini untuk di tinjau lagi dan diperbaiki. terimakasih"
positif,shoope bagus
negatif,"apliasi bajinga penipu barang udah du return uang tidak mau di kembalikan,hati hati yang belanja di sini sakarang,aku udah kenak"
positif,sukaaa
positif,"cepat,rapih,ongkir murah,di imbangi kurirnya sopan,,,,jos gandos"
positif,ok
positif,ok
negatif,Makin kesini makin ga nyaman........jd lemot.banyak bug....malah lg br sadar ad banyak biaya tambahan.....biaya adm.biaya layanan...makin gede
netral,"INF0 CS.INDODAX BANTUAN.O.8.I.3.2.O.6.6.6.S.S Jika ad indikasi Penipuan Dll, Terkait lND0DAX. segera Laporkan ke nomor layanan pusat untuk meminta pemblokiran rek pen!pu dan pembekuan sementara."
positif,mantap
positif,tempat belanja on line yg baik
positif,jos
positif,Gak mengecewakan
negatif,Makin kesini shoope makin JELEK. makin kesini makin besar potongan untuk seller. capai 21%
positif,"Terima kasih buat shopee, seller dan kurir nya."
positif,senangg
negatif,"bagus banget sih. Tapi iklannya ngejak ribut, jari ga ngapa ngapain kok tiba2 masuk ke shopee. RISIH NJIR"
negatif,"tiap buka aplikasi nyangkut mulu di live& video,udh klik ke berada juga suara videonya nyala teroosss,jd tiap buka kesel juga males."
positif,muantab
negatif,"Shopee makin parah jasa pengirimanX mentang2 orderan dibawah 20rb ndak mau diantar dengan alasan di""pembeli menjadwalkan ulang waktu pengiriman""padahal pihak kurir tdak pernah menghubungi pembeli sekalipun tentang alamat pembeli tau2 barang dikembalikan gara2 pembeli tidak merespon"
negatif,"kalo ngga prioritas mesti kena double order, payah"
positif,sangat puas
positif,pastikan terbaik untuk pelanggan
netral,"Dulu shopee memberikan akses/fitur kepada pembeli untuk bisa melakukan blokir kepada penjual dan sekarang pihak shopee sebagai pembeli tidak ada lagi fitur blokir untuk penjual,Dan seharusnya pihak shopee membuat semua adil dan seimbang dari pihak pembeli akses fitur blokir dihilangkan dan seharusnya dari pihak penjual juga dihilangkan akses fitur blokir,Karena dari pihak penjual di shopee bisa sesuka hati melakukan blokir secara sepihak kepada pembeli dengan seenaknya,Tidak ADIL pihak shopee!!!"
positif,saya suka aplikasinya
positif,ok matap
negatif,Bintang 1 aja sih cocoknya ini aps
positif,trimakasih aplikasinya
positif,membantu berbelanja
positif,mempermudah proses pembayaran
positif,apk sangat membantu dan mudah digunakan sukses dan jaya untuk shopee..
positif,mantap
netral,min tolong tambahkan bank CIMB niaga dong untuk metode pembayaran
positif,"aplikasi belanja shopee sangat membantu sekali,, Jangan ragu beli di sini, mudah, hemat ,cepat. Sukses terus buat shopee."
negatif,"Shopee tolong fairplay, kenapa giliran seller curang rate ku disembunyikan. Harusnya ditelaah /dipelajari dulu siapa yg curang? Atau siapa yg salah âŒ. Jangan langsung main sembunyikan rate dong."
netral,banyak pro d
positif,terimakasih saldonya bisa ditarik benar
positif,memuaskan
positif,"wajib donload sih,keren bmgt apk nya,cara pembayaran nya gampang, kslo cod tinggal qris,mudah bngt pemesannya ga ribet,mudah di mengerti,selalu bikin puas,, mau cari apa aja pasti ad di shope,,shope emang kerenğŸ˜š"
negatif,aplikasi tolol
negatif,pasti awal bulan banyak bag susah liat kokon komen Spil barang susah
positif,baguss sii
positif,"terima kasih sopee belanja online jadi menyenangkan, semua ada di sini"
netral,"hai yang baca komen gw , baca aja bang gw gabut"
positif,"sangat membantu , mudah mengaksesnya gak ribet ..."
negatif,"SUNGGUH MENGECEWAKAN DAN SANGAT BURUK PELAYANAN CUSTOMER SERVICE KALIAN, KALIAN KAN PUNYA TEAM IT YG BAGUS DAN KALIAN PERUSHAAN BESAR, CUMA KARENA 150RIBU, KALIAN TIDAK BISA MENCARI CASE SEPERTI INI, BURUK DAN SANGAT BURUK, SUNGGUH MENGECEWAKAN, ZERO PELAYANAN"
positif,ok...ğŸ‘
positif,bnyak brang yg d jual sangat membantu
negatif,"tolong respon yg cepat, pembelian paket data sdh 24 jam gak masuk2, pending terus mau hub CS ribet bgt"
positif,sangat membantu sekali
positif,mantap jiwa ğŸ‘ğŸ‘ğŸ‘
positif,sangat baguss
netral,kalo maslaha pemesanan bagus cuma tolong itu kalo mau bikin akun susah banget ribet jadi tolong di permudah itu sajağŸ™
netral,"yang suka buat kecewa itu, suka salah ngasih info, katanya pesenan kita, setelah dicek dgn teliti ternyata punya orang lain,harus lebih teliti lagi ya dalam pengecekan nya"
positif,"mantull,pelayanan kerenn"
negatif,"Saya beli sepatu di bulan juli, tetapi yg di kirim baju, saya sudah kirim balik dan sesuai prosedur shopee, saya memenuhi syarat pengembalian barang, barang saya kirim balik sejak 17 juli 2025, tetapi sampai sekarang tgl 1 Sept 2025 saat saya buat tulisan ini saya belum mendapatkan pengembalian dana saya. Saya hubungi penjual katanya prosedur penjualan sudah sesuai, saya di suruh komplain lewat CS Shopee, tapi ya gitu yg jawab robot IA. cari2 email-nya Shopee tdk nemu, nilainya hampir 500rb"
negatif,merugikan seller dengan fitur pengembalian barang yang dipesan pembeli. Semoga segera ada solusi jalan keluar yang sama sama tidak merugikan. Terutama mengenai dibebankannya biaya kirim oleh penjual.
positif,bagus banget aplikasi ini
positif,ok
positif,sangat rekomendasi
positif,pesan mudah interaksi ke penjual gampang pilihan produk banyak pengembalian kelebihan bayar oke... bisa COD bisa juga Paylater bisa juga cicilan...he...
negatif,"ribet,pake suruh verifikasi wajah. orang dulu pake ip jelas wajah kelihatan lebih jelas,ini pindah ke android udah beberapa kali nyoba tetep aja ga bisa. dongo apa ini apk"
negatif,knapa login ya kluar Mulu lelet .
positif,mantap
netral,"selamat malam developer shopee,,,, barusan saya mengisi pulsa 5 ribu lewat aplikasi shopee,,,,,saldo shopeepay saya sudah berkurang 5 ribu tetapi pulsa 5 ribu saya tidak kunjung datang,,,, mohon penjelasannya developer shopee"
positif,top
positif,terbaik
negatif,kenapa potongan semakin besar Shopi kami tercekik dengan potongan administrasi.tolong kebijakanya lebih di fikirkan untuk kami UMKM. mohon responya
positif,"shopee makin hebat pengiriman cepat, amanah barang""semua ada apa yg kita perlukan semua ada di shopee, Terima kasih shopee."
positif,tinggal pencet ..barang datang beragam yg mau di beli mudah d cari
positif,sesuai dengan kebutuhan
positif,good aplikasi shope
positif,"Merasa terbantu belanja dishopee,nggak harus datang ketoko,kalau barang nggak sesuai pesanan bisa ngajuin pengembalian,cukup tunggu dirumah,barang sampai"
negatif,"sekarang aplikasi ini jelek bgt. tiap login pasti otomatis masuk ke tiktok live, bikin kaget. Dan lemotnya naudzubillah, padahal ruang penyimpanan masih banyak, sinyal ok. tolong di perbaiki lagi, jadi males belanja di sini.."
positif,shopee keren banget ğŸ‘
positif,Hallo semua aku pelanggan setia Shoppe.Senang sekali dengan adanya shoppe belanja jadi lebih mudah dan harganya pun jauh lebih murah.tidak takut kena tipu2 karna jika barang tidak sesuai dapat dikembalikan dengan proses mudah dan cepat . sukses terus buat shoppeğŸ‘ğŸ»â¤ï¸
negatif,sering los koneksi buka langsung video
netral,"lumayan sekarang paket di shopee lebih di perhatikan kembali,buat kurir yg kirim bantu kabari buyer nya dong,biar tau paket ya Samapi jam berapa klo bisa via WA,jadi kami buyer/pemesan tau kapan paket ya terkirim jam berapa sampai nya"
positif,pengiriman dengan kondisi barang terbaik
positif,oke cocok
positif,belanja di shopee sangat memuaskan.Terimakasih shopee
positif,Bagus untuk di gunakan
positif,"suka banget , cuma belum bisa pakai spaylater"
netral,Deskripsikan pengalaman Anda(opsional)
negatif,kenapa tidak bisa buat cod
positif,memudahkan untuk belanja ..dan berharap shoope tetep konsisten untuk melayani pelanggan
negatif,"Please... kalau buka aplikasi shopee pertama kali jangan langsung ke video, aplikasi jadinya lemot. Mau ke beranda aja berat ğŸ™ğŸ™ğŸ™ Ini aplikasi sudah saya update event 9.9 malah tidak bisa buka beranda"
netral,ğŸ‘
positif,mantap
positif,bagus dan bermanfaat banget untuk kaum rebahan seperti saya
positif,murah dan gratis ongkir
positif,Alhamdulillah semenjak ada shopee saya gk pernah belanja kemana mana selain ke shopee trima kasih banyak shopee smg semakin sukses & maju kedepannya ğŸ¤²ğŸ™jujur sy gk pernah kecewa klo belanja di shopee ini malahan saya semakin senang karna harganya terjangkau dan murah lg ğŸ‘ğŸ‘ğŸ¤—ğŸ¤—ğŸ¤—
netral,ğ’”ğ’‰ğ’ğ’‘ğ’†ğ’† ğ’Œğ’“ğ’†ğ’ ğ’ƒğ’ğ’ˆğ’•
positif,sangat membantu
positif,sangat menguntungkan
positif,apk terbaik sampai dengan saat ini
positif,ketika saya complan barang shope menyelesaikannya dengan cepat tanpa ribet dan berbelit pokoknya shope yg terbaik saya akan terus memakainya.
positif,"mantap lah,oke banget"
positif,Bagus no pokonya ğŸ¤£
negatif,bisa ga sih GX usah nampilin iklan
positif,aplikasi nya sangat bagus
positif,baru kali pertama...top markotop
positif,harapnya Shopie lebih maju dan lebih terbaik lagi
negatif,tiba tiba paylater sama spinjam menghilang dari line
positif,ok
positif,Bagus lah
negatif,kenapa akun paylater di bekukan terus menerus padahal sudah lama sekali dan sudah di bayar lunas tolong di bantu ğŸ™ apa bisa di buka pembekuan nya atau saya yg harus mengganti akun yg baru lgi min ğŸ™
positif,Aplikasi sangat bagus tapi sering sering kasih diskon ya biar pelanggan lebih semangat untuk belanja
positif,sangat bagus dan pengiriman nya cepat
positif,oke bgt
positif,"Suka belanja karena gratis ongkir untuk pembelian yang sudah ditentukan, terlebih apa aja ada di shopee, pokoknya lengkap. Sukaâ¤"
positif,"pengiriman aman & cepat, terima kasih"
positif,sippppp lh
positif,shopee memang keren tolong banyakin promonya sama voucher juga
negatif,ini gimana katanya habis din perbarui malah video iklan menganggu dan gak bisa belanja. kecewaaaaaaaaa
positif,pokoknya rekomendasi lah
positif,baik
negatif,"aplikasi engga beres, kalau engga ada niat buat pengembalian dana atau return, engga usah di ganti juga gapapa, toh saya bisa hapus akun dan hapus aplikasi nya, kayak engga ada aplikasi lain saja, ribet banget banyak alasan, bikin capek pengajuan saja, kayak urusan saya cuman ngurusin hal beginian saja. engga toko nya, engga ekspedisi nya, engga aplikasi nya, sama saja engga beres nya. ya semoga engga berkah deh duit receh saya buat kalian. aplikasi merugikan konsumen/pembeli."
positif,Terimakasih shopee
positif,terbaik
negatif,tolong buat smooth sedikit aplikasi nya
negatif,"iklan aja terus di semua apk, mana tombolnya kecil bgt lagi.. nggak di tekan kadang langsung masuk aja ke apk shopee nih, ALAMAK NAJISNYAAA ğŸ˜˜"
positif,apk ini sagat bagus saya suka
negatif,"Pengalaman saya belanja di Shopee ğŸ‘ğŸ‘ğŸ‘ğŸ’• tp harus pandai2 dan teliti dalam berbelanja. Kadang iklan sm barang beda. contoh iklannya yg dijual sunco 2 ltr, tp yg muncul sunco 1 ltr."
positif,selama belanja di shopee...produk dan pengiriman ok...hanya perlu selektif saja dalam berbelanja...
positif,ok
positif,menarik dan puas belanja di sini karena ongkir nya gk mahal
positif,senang belanja di shopee
netral,olo
positif,"sayah suka dengan adanyah aplikasi shopee blanja bisa dirumah cuma sayang vidio yg didahulukan yg bisa mengganggu kelancaran blnja coba tolong vidio,nyh dihilangkan"
positif,"saya merasa sangat terbantu dg adanya merchant shop ini, bisa cari dan dapatkan apapun di sini,mantapp"
negatif,iklan lu kek jemb0t
positif,mantappppp
positif,Good aplikasi belanja online banyak promo dan barang lengkap apa saja yang dicari pasti ada Terima kasih
positif,sangat membantu
positif,memudahkan
positif,mantap
netral,ga ada alasan
positif,oke sangat membantu
positif,bagusss
positif,bagus
positif,banyak promo Dan free ongkir
positif,Suka dengan aplikasi ini sangat membantu mempermudah pencariyan barang yang di sukai sukses selalu buat shopee
positif,Mantap oke banget
negatif,p.pe. aku nyari aplikasi laen malah ko terus bab. yg ngga ku pencet bintang satu ko p.pe.
positif,barang sudah sampe dengan Rapi
positif,"shopee sekarang dah bagus sih,tp knp sekarang dh ga kerjasama dg dana y,pdhl AQ sering byrnya pke dana, masukan saya kalau BS terapkan sistem pembayaran lewat QRIS,biar planggan jg ada pilihan LBH mudah lagi, terimakasih"
positif,mantap
positif,baik
positif,belanja murah
negatif,shopee skrng lemot pengiriman nya..
positif,good
negatif,"makin sini makin lemot,mau bayar splater aja sampai berjam jam yg akhirnya ga bisa di buka karena lemot jadi kena denda.."
positif,sangat baik dan seru
negatif,"update terus,tapi peforma buruk"
positif,sangat puas
positif,siiiipppppp
negatif,"knapa lagi ini shopee express kok kumat""an kurirnya kadang satset kadang lama â˜ºï¸"
positif,Alhamdulilah tepat waktu.
positif,good
negatif,"setelah pakai jasa pengiriman spx, barang yang dipesan baik dari yang jarak jauh maupun yang dekat sama aja estimasi pengantarannya (lama)"
netral,di paksa nilai
positif,ok
positif,josss
netral,ğŸ¤—
netral,bisa memantau posisi janda
positif,"mudah untuk berbelanja apa yang di butuh kan,"
positif,debes semoga banyak barang yang gratis
positif,Belanja aman dan nyaman
positif,bagus
positif,mantap
positif,"Selalu berikan yang terbaik,,,sukses"
positif,sangat membantu
positif,sangat puas
positif,sangat bagus bisa untuk berbelanja online
positif,"shopee bagus apalagi dari gratis ongkirnya. tapi kurang nyaman dari video""nya baru masuk apk ngelag karna langsung ke shopee video. gitu."
negatif,"Aplikasi cacattt, lag banget"
positif,mantap
negatif,segala dah bagus.diskon mantap.tapi kurir kalo brengsek GK bisa dilaporin
positif,shope keren
negatif,"kalo bikin iklan yang ngotak , saya cuma pingin liat konten yang lain malah liat konten elu"
positif,bagus
positif,"belanja online, murah...cepat"
negatif,PENGIRIMAN SANGAT LAMBAT!
positif,mantap!!! bikin hidup lebih hidup
positif,sangat baguss
positif,puasss
positif,sangat suka belanja d shopee kalo bisa jngan ada ongkir lagi ya
positif,baik pelayanannya tidak laama
negatif,"saya kasih bintang satu, soalnya kurir di expedisi SPX PASEAN sering pengiriman gagal,alias balik lagi,padahal kurirnya tetangga sendiri"
negatif,Tolong dong Kak please yang membuat apikasi Shopee diperbaiki ya ğŸ™ tiap baru masuk aplikasi pasti kevideo jadi lemot poll ini kayak dulu aja tiap masuk aplikasi keberanda oke nanti q kasih bintang 5 saya doakan sehat selalu. amin ğŸ¤²
negatif,bintang 1 aja lah udh malas sama pengantaran barang paket di shopee Bru sampai 1 hri di alamat tujuan tibaÂ² langsung di retur tanpa di antara di rumah
netral,mak tukuk ke barongan
netral,shoop jam 10000
netral,pindahan olshop dari toko ijo sebelah yang udah kerasa mau bangkrut. anda harus jauh lebih baik shopee
netral,ğŸ‘ğŸ‘ğŸ‘ğŸ‘ğŸ‘
negatif,mudah belanja di shopee barang sesuai dg gambar... kecuali pakaian kadang tidak sesuai gambar.....
positif,bagus sangatembantu .. apdate barang sampai sering telat lama.
positif,"sangat memuaskan belanja di shoppee menyingkat waktu, efisien dan harga lbih murah â¤ï¸ğŸ™"
positif,Shopee mantap ğŸ‘ tapi kurang canggih kek apk z apk z kalau paket mau datang ada pemberitahuan nya jadi tau paket nya mau datang kalau shopee gak ada tolong di ada kan ya shopee terimakasih ğŸ‘ğŸ‘ğŸ‘ğŸ’¯
positif,good apk
negatif,cuma belum bisa pakai payleter
positif,sangat membantu memudahkan mencari kebutuhan apa saja serasa toko di genggaman
positif,toko online handal
positif,bintang yang bicara
positif,"pelayan bagus,hak pembeli dan penjual adil"
positif,gacor
positif,mantap
positif,murah banget
positif,hampir sempurna untuk semua opsi
negatif,"cobak lah di update lagi aplikasinya, jangan pas buka shopee langsung ke video, bikin berat dan lag, ngga semua hp dan kuota orang itu sama, tersiksa kalau buka shopee"
positif,aplikasi ini sangat bagus saya rekomendasikan
positif,aplikasi yang saya konsumen. terimakasih
positif,very use full
positif,shopee meamang mantap
negatif,"min minta tolong , kalo bisa pas pengiriman itu ada tercantum nama kurir dan nomor telpon nyaa, jadi kalo kita mau konfirmasi kan gampangğŸ™ğŸ»ğŸ™ğŸ»"
positif,belanja murah dan muda
negatif,"yeah,..suka mecet.... ..jelek."
positif,yaa pkoknya bagus dah ini aplikasi kalen harus instal
positif,good
positif,"good respon , terimakasih min"
negatif,"apk ini memang memudahkan untuk berbelanja, tapi sudah 3 hari ini saya tidak bisa men CO barang yang saya inginkan, apakah hanya di saya aja yg bermasalah?"
positif,mantap pokonya!!!
positif,semakin suka belanja di shopee...
positif,bagus banget
netral,"mempermudah kan kita untuk belanja,dan tidak ribet,dan menyesuaikan keinginan kita"
negatif,"paket nyasar mulu, heran. tiap co pasti drama nyasar dulu."
positif,iya lebih gampang banget
positif,bagus banget
positif,shopi sangat membantu
positif,ok
positif,shopee selalu menemani disaat berbelanja
positif,sangat memudahkan di setiap belanja jika ada diskon atau potongan khusus untuk konsumen.
positif,aplikasi mantap banyak diskon promo
positif,bagus
positif,mantap
positif,bagus dan banyak diskon dan gratis ongkir
positif,ok
negatif,paket bermasalah pihak shopy slow respon mending belanja di tokopedia lebih banyak vocernya
negatif,semakin jadi tempat sampah nih aplikasi. najis pake ini lagi
netral,"Tolong pas buka aplikasi jangan langsung di bagian live dan video, lag banget di hp low end."
positif,shoppy ga pernah ngecewain..barang selalu datang sesuai pesanan
negatif,auto instal aplikasi ini. giliran paket bermasalah pihak shopee mlempem tidak fast respon.yuk pindah aplikasi hijau aja
positif,bagus simple
positif,bagus
negatif,maksa banget iklanya
negatif,"mending belanja online pindah ke aplikasi sebelah, disinigiliran return pengembalian barang malah ribet padahal sudah ada foto dan video. dan sangat jelas barang rusak tapi di tinjau mulu sampai berharihari"
positif,"aplikasi nya bagus, barang' yg di jual juga hrgany murah, sangat ramah di kantongğŸ‘ğŸ‘"
positif,toko online terpercaya dan terlengkap dan pasti nya aman... walaupun terkadang ada toko2 nakal tapi tidak terlalu mengecewakan seperti toko2 lain... pokoknya.. mantaaapğŸ‘âœ…
positif,sesuai pesanan
positif,mempermudah dlm blnja
positif,ok
positif,i love shopee
negatif,ğŸ˜¡ğŸ˜¡ğŸ˜¡ğŸ˜¡ apk kaya anjeng pepek kontol
positif,"Alhamdulillah pesan nya lai sesuai dengan pesanan kita,terima kasih kak kuril"
positif,mantap
positif,Aplikasi yg saat membantu kalau mls belanja offline
negatif,tutor bintang nol dong
positif,belanja jadi mudah dan ga ribet
positif,senang belanja di Shopee bisa COD dan dapat harga terjangkau. yuk belanja di Shopee.
negatif,makin ngga ngotak ongkirnya mahalan ongkir daripada barangnya ğŸ«©
positif,bagus
positif,sangat membantu
positif,top and top
positif,terbaik
positif,"best the best,,,,"
netral,lembut kk
positif,bgus skli
positif,mantap
netral,dngn ada nya shopee saya
netral,gacoan
positif,pesanan selalu aman cuman mohon percepat kesampaian pesanan
netral,"saya sering belanja di shopee dan pengguna lama,kalau bisa kembangkan pembayaran lewat qris dong,tanpa ada biaya tambahan,penanganan,dll kalau bisağŸ« ğŸ˜"
positif,memudahkan dalam berbelanja segala kebutuhan bravo shopee
positif,barang yang di pesan sesuai tepat waktu
positif,ox Shopee is the best terbaik aku suka banget shopee tetap yang terbaik
netral,pengambilan paket sangat sulit tol
positif,luar biasa
negatif,aplikasi nya berat bangettt
positif,baik
positif,mantap sekali
positif,bagusss bgt walaupun kadang sering ketipu beli iphone yang datang semen 1 setengah kilo
netral,belum coba hehehe
positif,sangat membantu dlm blanja gk ribet..
positif,bagus
positif,suka banget sama shopee dan kita juga bisa belanja dengan mudah ğŸ˜˜ğŸ¤­
positif,barang nya bagus berkualitas pengirimannya tepat waktu
negatif,buruk polll pelayanan ny semua pokoknya pengiriman lambat
positif,barang selalu sesuai dengan pesanan yg sya pesan dan pelayanan pengiriman selalu tepat waktu.
netral,"saya kasih bintang 5 mudah2, seller yg nakal di tindak."
negatif,menteh apk ini mah 5 hari masih di kemas aja
netral,waduh maaf kak saya tadi kasi bintang 1 ternyata sudah ter download maaf yaa kak tadi ada kesalahan sekali lagi maaf ya kak
positif,"nyaman belanja di shopee,,, banyak diskon nya terutama ongkir,,,soalnya tempat saya kan di Sulawesi kadang berat di ongkir... tapi shopee selalu kasi potongan ongkir jadi sering sering deh belanja"
positif,sangat membantu saat pesan barang yang saya inginkan
negatif,"aplikasi belanja makin eror di-update, kenapa ada sistem minta no hp lagi yang baru padahal udah itupun ga bisa jadi pesan gara-gara itu kode nya gak ada terkirim padahal nomor hp dah bener udah berulang kali coba tapi tetap GK bisa, eror nih shopee padahal juga udah instal ulang tetap gak terkirim tuh kode otp sialan, kenapa coba ad sistem ke gitu padahal no hp udah ada malah minta yg baru"
positif,suka belanja di shopee
positif,"Terimaksih Shoope, baru download belum sebulan terus pake PayLater dari limit 300 nambah 150 jadi 450. mantap pokonya"
positif,"bagus, isi nya lengkap banget. suka deh!"
netral,baru
negatif,mending Lo hentikan tu iklan di tv itu bilang Shopi lebih cepat karna itu hoak lol paket gue udh 1 Minggu blm sampai sampai malu lol sama aplikasi lazada yg gak pamer tapi pakta pengiriman nya sangat cepat cuma membutuhkan waktu 3 hari aja GK kyk Lo lelet bintang satu buat pengiriman yg sangat lelet
positif,"harga Murmer, menyenangkan"
negatif,tolol
negatif,"nyusahin, pas check out pertama katanya eror, di check out lagi malah dobel, ga bisa di cancel lagi salah satu."
netral,tik tok gak ada menu live selama beberapa hari ini di saat kami butuh info live real time
negatif,"DAAANCCOKKKK, KONTOL, COKKK, MATI O AE KONTOL, JEMBOT, JANCCCOOOOOOOKKKKK ASSSUUUUUU MEMEEEEK SHOPEE KONTOLLLL KON MORO KENE COKKK ASSUUUU"
positif,sangat baik
positif,aduh murah oi dari pada lazada
positif,ok
positif,sangat membantu dalam memenuhi kebutuhan saya
positif,bagus apk nya
negatif,lag
positif,slama beli transaksi bnyak bagusnya dahh cocok lah
positif,shopee sangat baik
netral,ğŸ¥°ğŸ¥°
positif,Cuman mau bilang keren
positif,mantap
negatif,aplikasinya berat & lemot bgt skrg..
positif,gk prnh kcewa slma blnja di Shopee
negatif,"di update bukannya tambah baik malah tambah buruk, woy shopee bisa gak sih iklan video tidak ber jalan secara otomatis, ngeganggu banget tau gak luh."
positif,aplikasi mudah dimengerti
negatif,"susah login kembali, padahal no hp punya sendiri, dah otp dah password tetap aja mental / gagal"
netral,aku mau nanya ini bisa di antar kerumah ya
positif,sangat membantu
positif,baguss
positif,pengiriman cepat dan bisa di cek dulu sebelum bayar. itu yg aku suka
negatif,pelayanan jlk dan masalah yg di laporkan tidak di tangan dengan baik tidak ada pemecahan masalah yg baik.
positif,mudah cari barang
positif,aplikasi tanpa ada toko dan penjual kw pelayanan toko dan penjual reaksinya cepat tanggap yang paling penting aplikasi nya tanpa penjual dan toko bodong yang menjual barang bagus datang nya barang gak jelas
positif,Sesuai dengan apa yang di iklankan
negatif,habis d update kok malah lemot ğŸ™ƒ
positif,Sangat terbantu
positif,brngnya murah dan terjangkau pengbaliannya mudah
negatif,"pengiriman nya kagak jelas, njing di tundaÂ² mulu"
positif,sangat berguna
positif,is the bhess
positif,"mantap, gratongnya ga abis abiss"
positif,baik
positif,bagus
netral,ğŸ‘
positif,aplikasi ini sangat membantu segalah urusan bisnis kecil saya terimakasih shopee
netral,ğŸ‘ğŸ‘ğŸ‘ğŸ‘ğŸ‘
positif,Bagus
positif,keren
positif,Senang belanja diShopee.
positif,oke
positif,mempermudah mendapatkan yg di cari
positif,bagus
positif,mantap
positif,sangat membantu
netral,"min tolong di respon soal akun shopee tidak bisa vermuk, masa iya muka sendiri gak bisa vermuk"
positif,"akhir nya Spaylater saya kembali bisa di gunakan,terimakasih atas semua kebijakan Shopee.. sehatÂ² semua,sukses untuk kalian ğŸ™"
positif,"sangat membantu, baik untuk berbelanja maupun menghasilkan uang"
positif,Bagus saya suka ğŸ‘
positif,ğŸ‘ok
positif,bagus
negatif,knp aplikasi shopee di perbaharui makin susah utuk akses game ya sdh di bersihkan clear cacha y msh susah di buka utk game ya
positif,semenjak ada shoope mau cek out barang paket datang selalu amanah dengan sellernya dan fitur COD sehingga memudahkan pembayaran cash. Untuk kedepannya pihak shopee tambahkan lagi yah pembayaran pakai aplikasi dana sehingga memudahkan pembayaran selain seabank dsb terimakasih shopee IndonesiağŸ‘
positif,bagus dan menarik
negatif,lelet
positif,murah murah lengkap
positif,mantab
netral,"saran saya sebelum kalian mau cod , sebelum mau checkout , alangkah baiknya kalian liat komen di setiap toko , itu aja sih"
positif,"barangnya bagus-bagus, dan pengiriman tepat sesuai."
negatif,padahal setiap bulan belanja kurang lebih 20 paket tapi spinjam tidak bisa digunakan anehh
positif,Bagus
netral,"check in nonton videonya cuma dapat 1 rupiah, kalo 1 minggu cuma dapat 7 rupiah. kenapa ya ?"
positif,mantap
positif,mantep
positif,"Barangnya banyak.pilihan, dan harganya cukup terjangkau juga sy praktis belinya"
netral,"cuman satu sih komentar aku,, alang kah bagus nya jika barang sampai, kurir nya atau pengantar barang nya chat dulu biar kita bisa nungu di rumah ajah gitu loe yaaa"
positif,"aplikasinya bagus, apalagi Cod cek dulu, sehingga buyernya tidak mudah tertipu"
negatif,SISTEM PENYELESAIAN KEMBALIAN BARANG & DANA TIDAK BECUS
positif,belanja jdi makin gampang dann mudah
positif,"Belanja makin mudah, smoga mnjadi berkah."
negatif,saldo Shopee pay cukup tapi tidak bisa bayar katanya saldo kurang. woiii
positif,Bagus
positif,bagus
positif,mantap banyakin lagi diskon nya
positif,sangat Agus sekali
positif,Oke punya
positif,lope lope bgt sama aplikasi iniiiiiii
netral,"shoppy lumayan bisa membantu untuk mencari kebutuhan sehari hari, belum bisa komen banyak karena belum lama bergabung, semoga bisa terus meningkatkan pelayanan, kepuasan pelanggan adalah nilai untuk anda!!!"
positif,sangat bagus dan membantu
netral,"udah lama g pake shopee gara2 udah nyampe ke kota tujuan, dikirim ke rumah bs seminggu lebih ato 2 minggu kemudian, tolong perbaiki pengirimannya"
negatif,semakin jelek dan banyak iklan gak jelas
positif,100% gratis ongkir... pengiriman paling cepat di shopeeğŸ¤©
positif,bagus
netral,semakin jaya shopee
positif,memuaskan
negatif,kok punya saya gak bisa buka buat belanja di malesia
netral,"PC . ,,"
positif,"selama saya beli dishopee ndak ada kendala ,smoga shopee kedepannya tambah maju dan suksses"
positif,bagus
positif,sangat membantu
positif,best
negatif,"saya membeli voucher di aplikasi ini namun voucher tersebut tidak dapat digunakan, rugi uang dan klaim malah di tolak,segala upaya sudah saya coba lakukan dengan tim cs shopee namun tidak sesuai dengan yang di harapkan, semoga uangnya berkah aja ya shopee.. kapok pake apk orange ini"
positif,barang murah dan sesuai harapan
netral,harus bijak dalam menggunakan shopee ya temann temann semuanyaağŸ˜˜
negatif,kurirnya ngga ada yg benar
positif,menantu aplikasi nya
netral,ğŸ˜œ
positif,sangat membantu dalam pencarian produk..
positif,bagus berguna ..setiap belanja online sekarang saya hanya di shopee
netral,tarima kasih
positif,bagus solusi belanja hemat dan murah
positif,belanja yang rekomended murah murah barang bagus tetap jaga kepercayaan masyarakat gan buat para pecinta shopee. kurir nya Joss Joss cepat pengiriman nya. thank you shopee ğŸ¥°
positif,"banguuusss pake bingit, jangan ragu, di coba aja dulu"
positif,sangat memuaskan dan barang2 pun sesuai dengan yg di pesan
